"","site_id","TriggerID","ImageFile1","ImageDate1","ImageFile2","ImageDate2","subject_id","top_identity","top_value","consensus_pct"
"1","GC15H","GC15H_CC_11Sep2021_08200101","08200101.JPG","2021:08:20 13:01:52","08200102.JPG","2021:08:20 13:01:52","72109746","BOBCAT","arw","arw"
"2","GC15H","GC15H_CC_11Sep2021_09010153","09010153.JPG","2021:09:01 19:45:33","09010154.JPG","2021:09:01 19:45:33","72109772","GRAYFOX","arw","arw"
"3","GC15H","GC15H_CC_25Jul2021_06040219","06040219.JPG","2021:06:04 21:16:58","06040220.JPG","2021:06:04 21:16:58","77359610","GRAYFOX","8","88.89"
"4","GC15H","GC15H_CC_25Jul2021_06040221","06040221.JPG","2021:06:04 21:17:42","06040222.JPG","2021:06:04 21:17:42","77359611","GRAYFOX","9","90"
"5","GC15H","GC15H_CC_25Jul2021_06170127","06170127.JPG","2021:06:17 04:25:07","06170128.JPG","2021:06:17 04:25:07","77360107","RACCOON","5","55.56"
"6","GC15H","GC15H_CC_25Jul2021_06290567","06290567.JPG","2021:06:29 20:29:49","06290568.JPG","2021:06:29 20:29:49","77360325","GRAYFOX","4","44.44"
"7","GC15H","GC15H_CC_25Jul2021_07020643","07020643.JPG","2021:07:02 04:11:37","07020644.JPG","2021:07:02 04:11:38","77360365","COYOTE","5","55.56"
"8","GC15H","GC15H_CC_25Jul2021_07130983","07130983.JPG","2021:07:13 03:04:49","07130984.JPG","2021:07:13 03:04:50","77360535","STRIPEDSKUNK","8","88.89"
"9","GCBAC","GCBAC_CC_05Dec2021_100EK113_09120005","100EK113_09120005.JPG","2021:09:12 20:25:30","100EK113_09120006.JPG","2021:09:12 20:25:31","77391993","RINGTAIL","6","66.67"
"10","GCBAC","GCBAC_CC_05Dec2021_100EK113_09120007","100EK113_09120007.JPG","2021:09:12 20:25:47","100EK113_09120008.JPG","2021:09:12 20:25:47","77391995","RINGTAIL","6","66.67"
"11","GCBAC","GCBAC_CC_05Dec2021_100EK113_09120009","100EK113_09120009.JPG","2021:09:12 21:19:12","100EK113_09120010.JPG","2021:09:12 21:19:12","77391996","RINGTAIL","6","60"
"12","GCBAC","GCBAC_CC_05Dec2021_100EK113_09120011","100EK113_09120011.JPG","2021:09:12 21:19:40","100EK113_09120012.JPG","2021:09:12 21:19:40","77391997","RINGTAIL","6","66.67"
"13","GCBAC","GCBAC_CC_05Dec2021_100EK113_09120013","100EK113_09120013.JPG","2021:09:12 21:42:12","100EK113_09120014.JPG","2021:09:12 21:42:12","77391998","RINGTAIL","4","40"
"14","GCBAC","GCBAC_CC_05Dec2021_100EK113_09120015","100EK113_09120015.JPG","2021:09:12 23:19:41","100EK113_09120016.JPG","2021:09:12 23:19:41","77391999","RINGTAIL","5","50"
"15","GCBAC","GCBAC_CC_05Dec2021_100EK113_09120017","100EK113_09120017.JPG","2021:09:12 23:20:07","100EK113_09120018.JPG","2021:09:12 23:20:07","77392000","RINGTAIL","8","88.89"
"16","GCBAC","GCBAC_CC_05Dec2021_100EK113_09130021","100EK113_09130021.JPG","2021:09:13 00:23:12","100EK113_09130022.JPG","2021:09:13 00:23:12","77392002","GRAYFOX","3","33.33"
"17","GCBAC","GCBAC_CC_05Dec2021_100EK113_09130023","100EK113_09130023.JPG","2021:09:13 00:23:51","100EK113_09130024.JPG","2021:09:13 00:23:52","77392003","RINGTAIL","8","88.89"
"18","GCBAC","GCBAC_CC_05Dec2021_100EK113_09130033","100EK113_09130033.JPG","2021:09:13 03:48:23","100EK113_09130034.JPG","2021:09:13 03:48:23","77392008","RINGTAIL","7","70"
"19","GCBAC","GCBAC_CC_05Dec2021_100EK113_09140307","100EK113_09140307.JPG","2021:09:14 01:12:24","100EK113_09140308.JPG","2021:09:14 01:12:25","77392291","RINGTAIL","6","66.67"
"20","GCBAC","GCBAC_CC_05Dec2021_100EK113_09140309","100EK113_09140309.JPG","2021:09:14 01:13:37","100EK113_09140310.JPG","2021:09:14 01:13:37","77392245","RINGTAIL","10","100"
"21","GCBAC","GCBAC_CC_05Dec2021_100EK113_09140533","100EK113_09140533.JPG","2021:09:14 20:55:16","100EK113_09140534.JPG","2021:09:14 20:55:16","77392404","RACCOON","5","55.56"
"22","GCBAC","GCBAC_CC_05Dec2021_100EK113_09140535","100EK113_09140535.JPG","2021:09:14 23:18:46","100EK113_09140536.JPG","2021:09:14 23:18:46","77392405","RINGTAIL","7","77.78"
"23","GCBAC","GCBAC_CC_05Dec2021_100EK113_09140537","100EK113_09140537.JPG","2021:09:14 23:19:10","100EK113_09140538.JPG","2021:09:14 23:19:11","77392407","RINGTAIL","7","77.78"
"24","GCBAC","GCBAC_CC_05Dec2021_100EK113_09150539","100EK113_09150539.JPG","2021:09:15 02:13:33","100EK113_09150540.JPG","2021:09:15 02:13:33","77392406","RINGTAIL","6","66.67"
"25","GCBAC","GCBAC_CC_05Dec2021_100EK113_09150541","100EK113_09150541.JPG","2021:09:15 02:13:57","100EK113_09150542.JPG","2021:09:15 02:13:57","77392408","RINGTAIL","8","88.89"
"26","GCBAC","GCBAC_CC_05Dec2021_100EK113_09150765","100EK113_09150765.JPG","2021:09:15 19:07:57","100EK113_09150766.JPG","2021:09:15 19:07:57","77392520","RINGTAIL","6","66.67"
"27","GCBAC","GCBAC_CC_05Dec2021_100EK113_09150767","100EK113_09150767.JPG","2021:09:15 19:08:19","100EK113_09150768.JPG","2021:09:15 19:08:20","77392521","RINGTAIL","3","33.33"
"28","GCBAC","GCBAC_CC_05Dec2021_100EK113_09150769","100EK113_09150769.JPG","2021:09:15 19:08:36","100EK113_09150770.JPG","2021:09:15 19:08:36","77392522","RINGTAIL","4","40"
"29","GCBAC","GCBAC_CC_05Dec2021_100EK113_09150771","100EK113_09150771.JPG","2021:09:15 19:08:52","100EK113_09150772.JPG","2021:09:15 19:08:52","77392523","RINGTAIL","8","80"
"30","GCBAC","GCBAC_CC_05Dec2021_100EK113_09150773","100EK113_09150773.JPG","2021:09:15 21:25:18","100EK113_09150774.JPG","2021:09:15 21:25:18","77392525","RINGTAIL","6","66.67"
"31","GCBAC","GCBAC_CC_05Dec2021_100EK113_09160775","100EK113_09160775.JPG","2021:09:16 04:02:09","100EK113_09160776.JPG","2021:09:16 04:02:09","77392524","RINGTAIL","7","70"
"32","GCBAC","GCBAC_CC_05Dec2021_100EK113_09160777","100EK113_09160777.JPG","2021:09:16 04:02:30","100EK113_09160778.JPG","2021:09:16 04:02:31","77392526","RINGTAIL","7","63.64"
"33","GCBAC","GCBAC_CC_05Dec2021_101EK113_09160062","101EK113_09160062.JPG","2021:09:16 23:51:19","101EK113_09160063.JPG","2021:09:16 23:51:19","77392668","RINGTAIL","4","40"
"34","GCBAC","GCBAC_CC_05Dec2021_101EK113_09180192","101EK113_09180192.JPG","2021:09:18 00:09:35","101EK113_09180193.JPG","2021:09:18 00:09:36","77392733","RINGTAIL","7","77.78"
"35","GCBAC","GCBAC_CC_05Dec2021_101EK113_09180194","101EK113_09180194.JPG","2021:09:18 03:10:21","101EK113_09180195.JPG","2021:09:18 03:10:21","77392734","RINGTAIL","8","88.89"
"36","GCBAC","GCBAC_CC_05Dec2021_101EK113_09210570","101EK113_09210570.JPG","2021:09:21 22:09:20","101EK113_09210571.JPG","2021:09:21 22:09:20","77392964","RINGTAIL","7","77.78"
"37","GCBAC","GCBAC_CC_05Dec2021_101EK113_09220572","101EK113_09220572.JPG","2021:09:22 00:15:04","101EK113_09220573.JPG","2021:09:22 00:15:05","77392965","RINGTAIL","6","60"
"38","GCBAC","GCBAC_CC_05Dec2021_101EK113_09220776","101EK113_09220776.JPG","2021:09:22 20:25:52","101EK113_09220777.JPG","2021:09:22 20:25:52","77393106","RINGTAIL","6","66.67"
"39","GCBAC","GCBAC_CC_05Dec2021_102EK113_09250027","102EK113_09250027.JPG","2021:09:25 22:07:20","102EK113_09250028.JPG","2021:09:25 22:07:20","77393231","RINGTAIL","7","70"
"40","GCBAC","GCBAC_CC_05Dec2021_102EK113_09260029","102EK113_09260029.JPG","2021:09:26 19:40:59","102EK113_09260030.JPG","2021:09:26 19:40:59","77393232","RINGTAIL","8","88.89"
"41","GCBAC","GCBAC_CC_05Dec2021_102EK113_09260033","102EK113_09260033.JPG","2021:09:26 23:36:27","102EK113_09260034.JPG","2021:09:26 23:36:27","77393234","RINGTAIL","5","50"
"42","GCBAC","GCBAC_CC_05Dec2021_102EK113_09290103","102EK113_09290103.JPG","2021:09:29 02:34:24","102EK113_09290104.JPG","2021:09:29 02:34:24","77393269","RINGTAIL","5","55.56"
"43","GCBAC","GCBAC_CC_05Dec2021_102EK113_09300279","102EK113_09300279.JPG","2021:09:30 19:02:08","102EK113_09300280.JPG","2021:09:30 19:02:09","77393456","RINGTAIL","8","72.73"
"44","GCBAC","GCBAC_CC_05Dec2021_102EK113_10020441","102EK113_10020441.JPG","2021:10:02 02:52:46","102EK113_10020442.JPG","2021:10:02 02:52:46","77393587","RINGTAIL","4","40"
"45","GCBAC","GCBAC_CC_05Dec2021_102EK113_10020447","102EK113_10020447.JPG","2021:10:02 03:40:33","102EK113_10020448.JPG","2021:10:02 03:40:33","77393590","RACCOON","5","45.45"
"46","GCBAC","GCBAC_CC_05Dec2021_102EK113_10020449","102EK113_10020449.JPG","2021:10:02 03:41:13","102EK113_10020450.JPG","2021:10:02 03:41:13","77393591","RINGTAIL","5","55.56"
"47","GCBAC","GCBAC_CC_05Dec2021_102EK113_10020585","102EK113_10020585.JPG","2021:10:02 19:01:15","102EK113_10020586.JPG","2021:10:02 19:01:16","77393659","RINGTAIL","10","100"
"48","GCBAC","GCBAC_CC_05Dec2021_102EK113_10080831","102EK113_10080831.JPG","2021:10:08 04:18:00","102EK113_10080832.JPG","2021:10:08 04:18:00","77393782","RINGTAIL","7","70"
"49","GCBAC","GCBAC_CC_05Dec2021_102EK113_10080833","102EK113_10080833.JPG","2021:10:08 19:56:25","102EK113_10080834.JPG","2021:10:08 19:56:25","77393783","RINGTAIL","7","70"
"50","GCBAC","GCBAC_CC_05Dec2021_105EK113_11090104","105EK113_11090104.JPG","2021:11:09 19:25:33","105EK113_11090105.JPG","2021:11:09 19:25:33","77395634","BOBCAT","9","90"
"51","GCBAC","GCBAC_CC_06Jun2021_3trigger/_DCIM3637","DCIM3637.JPG","2021:07:24 22:20:39","DCIM3638.JPG","2021:07:24 22:20:40","98196194","SPOTTEDSKUNK","8","80"
"52","GCBAC","GCBAC_CC_06Jun2021_3trigger/_DCIM4702","DCIM4702.JPG","2021:08:03 00:30:35","DCIM4703.JPG","2021:08:03 00:30:36","98197940","SPOTTEDSKUNK","8","80"
"53","GCBAC","GCWP_CC_13Sep2021_101EK113_06090616","101EK113_06090616.JPG","2021:06:09 02:28:26","101EK113_06090617.JPG","2021:06:09 02:28:27","98221736","STRIPEDSKUNK","4","40"
"54","GCBAC","GCWP_CC_13Sep2021_101EK113_06090619","101EK113_06090619.JPG","2021:06:09 02:28:59","101EK113_06090620.JPG","2021:06:09 02:29:00","98221737","SPOTTEDSKUNK","7","70"
"55","GCBAC","GCWP_CC_13Sep2021_101EK113_06090796","101EK113_06090796.JPG","2021:06:09 22:45:33","101EK113_06090797.JPG","2021:06:09 22:45:33","98221768","SPOTTEDSKUNK","9","81.82"
"56","GCBAC","GCWP_CC_13Sep2021_103EK113_06170799","103EK113_06170799.JPG","2021:06:17 04:27:36","103EK113_06170800.JPG","2021:06:17 04:27:36","98225832","SPOTTEDSKUNK","5","50"
"57","GCBAC","GCWP_CC_13Sep2021_109EK113_07150595","109EK113_07150595.JPG","2021:07:15 04:30:23","109EK113_07150596.JPG","2021:07:15 04:30:24","98226823","SPOTTEDSKUNK","7","70"
"58","GCBAR","GCBAR_CC_06Dec2021_09150002_frame1","09150002_frame_101.png","9/15/2021 10:21","09150002_frame_102.png","9/15/2021 10:21","99781263","RACCOON","arw","arw"
"59","GCBAR","GCBAR_CC_06Dec2021_09150003_frame1","09150003_frame_101.png","9/15/2021 12:51","09150003_frame_102.png","9/15/2021 12:51","99781264","RACCOON","arw","arw"
"60","GCBAR","GCBAR_CC_06Dec2021_09160005_frame1","09160005_frame_101.png","9/16/2021 11:55","09160005_frame_102.png","9/16/2021 11:55","99781266","RACCOON","arw","arw"
"61","GCBAR","GCBAR_CC_06Dec2021_09180006_frame1","09180006_frame_101.png","9/18/2021 10:38","09180006_frame_102.png","9/18/2021 10:38","99781267","RINGTAIL","arw","arw"
"62","GCBAR","GCBAR_CC_06Dec2021_09180007_frame1","09180007_frame_101.png","9/19/2021 3:41","09180007_frame_102.png","9/19/2021 3:41","99781268","RACCOON","arw","arw"
"63","GCBAR","GCBAR_CC_06Dec2021_09210008_frame1","09210008_frame_101.png","9/21/2021 9:42","09210008_frame_102.png","9/21/2021 9:42","99781269","RINGTAIL","arw","arw"
"64","GCBAR","GCBAR_CC_06Dec2021_09220009_frame1","09220009_frame_101.png","9/22/2021 11:00","09220009_frame_102.png","9/22/2021 11:00","99781270","RACCOON","arw","arw"
"65","GCBAR","GCBAR_CC_06Dec2021_09250010_frame1","09250010_frame_101.png","9/25/2021 12:23","09250010_frame_102.png","9/25/2021 12:23","99781271","RACCOON","arw","arw"
"66","GCBAR","GCBAR_CC_06Dec2021_10150014_frame1","10150014_frame_101.png","10/16/2021 4:19","10150014_frame_102.png","10/16/2021 4:19","99781275","RACCOON","arw","arw"
"67","GCBAR","GCBAR_CC_06Dec2021_10170019_frame1","10170019_frame_101.png","10/17/2021 11:39","10170019_frame_102.png","10/17/2021 11:39","99781279","RACCOON","arw","arw"
"68","GCBAR","GCBAR_CC_06Dec2021_10180020_frame1","10180020_frame_101.png","10/18/2021 13:11","10180020_frame_102.png","10/18/2021 13:11","99781280","RACCOON","arw","arw"
"69","GCBAR","GCBAR_CC_06Dec2021_10180022_frame1","10180022_frame_101.png","10/18/2021 13:42","10180022_frame_102.png","10/18/2021 13:42","99781281","RACCOON","arw","arw"
"70","GCBAR","GCBAR_CC_06Dec2021_10190026_frame1","10190026_frame_101.png","10/19/2021 13:36","10190026_frame_102.png","10/19/2021 13:36","99781285","RACCOON","arw","arw"
"71","GCBAR","GCBAR_CC_06Dec2021_10200027_frame1","10200027_frame_101.png","10/20/2021 12:54","10200027_frame_102.png","10/20/2021 12:54","99781286","RACCOON","arw","arw"
"72","GCBAR","GCBAR_CC_06Dec2021_10210038_frame1","10210038_frame_101.png","10/21/2021 10:39","10210038_frame_102.png","10/21/2021 10:39","99781295","RACCOON","arw","arw"
"73","GCBAR","GCBAR_CC_06Dec2021_10210039_frame1","10210039_frame_101.png","10/21/2021 13:06","10210039_frame_102.png","10/21/2021 13:06","99781296","RACCOON","arw","arw"
"74","GCBAR","GCBAR_CC_06Dec2021_10240040_frame1","10240040_frame_101.png","10/25/2021 2:28","10240040_frame_102.png","10/25/2021 2:28","99781297","RINGTAIL","arw","arw"
"75","GCBAR","GCBAR_CC_06Dec2021_10310041_frame1","10310041_frame_101.png","10/31/2021 11:02","10310041_frame_102.png","10/31/2021 11:02","99781298","RACCOON","arw","arw"
"76","GCBAR","GCBAR_CC_06Dec2021_11040042_frame1","11040042_frame_101.png","11/5/2021 3:15","11040042_frame_102.png","11/5/2021 3:15","99781299","DOMESTICCAT","arw","arw"
"77","GCBAR","GCBAR_CC_06Dec2021_11060043_frame1","11060043_frame_101.png","11/6/2021 9:49","11060043_frame_102.png","11/6/2021 9:49","99781300","RACCOON","arw","arw"
"78","GCBAR","GCBAR_CC_06Dec2021_11060044_frame1","11060044_frame_101.png","11/6/2021 12:54","11060044_frame_102.png","11/6/2021 12:54","99781301","RACCOON","arw","arw"
"79","GCBAR","GCBAR_CC_06Dec2021_11090047_frame1","11090047_frame_101.png","11/9/2021 12:00","11090047_frame_102.png","11/9/2021 12:00","99781304","RINGTAIL","arw","arw"
"80","GCBAR","GCBAR_CC_06Dec2021_11090048_frame1","11090048_frame_101.png","11/9/2021 12:02","11090048_frame_102.png","11/9/2021 12:02","99781305","RINGTAIL","arw","arw"
"81","GCBAR","GCBAR_CC_06Dec2021_11090049_frame1","11090049_frame_101.png","11/9/2021 12:52","11090049_frame_102.png","11/9/2021 12:52","99781308","RACCOON","arw","arw"
"82","GCBAR","GCBAR_CC_06Dec2021_11090050_frame1","11090050_frame_101.png","11/10/2021 6:24","11090050_frame_102.png","11/10/2021 6:24","99781306","RACCOON","arw","arw"
"83","GCBAR","GCBAR_CC_06Dec2021_11140052_frame1","11140052_frame_101.png","11/15/2021 6:17","11140052_frame_102.png","11/15/2021 6:17","99781309","RACCOON","arw","arw"
"84","GCBAR","GCBAR_CC_06Dec2021_11180053_frame1","11180053_frame_101.png","11/18/2021 10:13","11180053_frame_102.png","11/18/2021 10:13","99781310","RACCOON","arw","arw"
"85","GCBAR","GCBAR_CC_06Dec2021_12020061_frame1","12020061_frame_101.png","12/2/2021 11:02","12020061_frame_102.png","12/2/2021 11:02","99781316","RACCOON","arw","arw"
"86","GCBAR","GCBAR_CC_06Dec2021_12020062_frame1","12020062_frame_101.png","12/3/2021 4:44","12020062_frame_102.png","12/3/2021 4:44","99781317","RACCOON","arw","arw"
"87","GCBAR","GCBAR_CC_06Dec2021_12050063_frame1","12050063_frame_101.png","12/5/2021 11:44","12050063_frame_102.png","12/5/2021 11:44","99781318","RACCOON","arw","arw"
"88","GCBAR","GCBAR_CC_06Dec2021_09150002_frame_2","09150002_frame_201.png","9/15/2021 10:21","09150002_frame_202.png","9/15/2021 10:21","99781319","RACCOON","arw","arw"
"89","GCBAR","GCBAR_CC_06Dec2021_09150003_frame_2","09150003_frame_201.png","9/15/2021 12:51","09150003_frame_202.png","9/15/2021 12:51","99781320","RACCOON","arw","arw"
"90","GCBAR","GCBAR_CC_06Dec2021_09210008_frame_2","09210008_frame_201.png","9/21/2021 9:42","09210008_frame_202.png","9/21/2021 9:42","99781322","RINGTAIL","arw","arw"
"91","GCBAR","GCBAR_CC_06Dec2021_09250010_frame_2","09250010_frame_201.png","9/25/2021 12:23","09250010_frame_202.png","9/25/2021 12:23","99781323","RACCOON","arw","arw"
"92","GCBAR","GCBAR_CC_06Dec2021_10190026_frame_2","10190026_frame_201.png","10/19/2021 13:36","10190026_frame_202.png","10/19/2021 13:36","99781328","RACCOON","arw","arw"
"93","GCBAR","GCBAR_CC_06Dec2021_10210038_frame_2","10210038_frame_201.png","10/21/2021 10:39","10210038_frame_202.png","10/21/2021 10:39","99781330","RACCOON","arw","arw"
"94","GCBAR","GCBAR_CC_06Dec2021_10310041_frame_2","10310041_frame_201.png","10/31/2021 11:02","10310041_frame_202.png","10/31/2021 11:02","99781331","RACCOON","arw","arw"
"95","GCBAR","GCBAR_CC_06Dec2021_11040042_frame_2","11040042_frame_201.png","11/5/2021 3:15","11040042_frame_202.png","11/5/2021 3:15","99781332","DOMESTICCAT","arw","arw"
"96","GCBAR","GCBAR_CC_06Dec2021_11060043_frame_2","11060043_frame_201.png","11/6/2021 9:49","11060043_frame_202.png","11/6/2021 9:49","99781333","RACCOON","arw","arw"
"97","GCBAR","GCBAR_CC_06Dec2021_11060044_frame_2","11060044_frame_201.png","11/6/2021 12:55","11060044_frame_202.png","11/6/2021 12:55","99781334","RACCOON","arw","arw"
"98","GCBAR","GCBAR_CC_06Dec2021_11140052_frame_2","11140052_frame_201.png","11/15/2021 6:17","11140052_frame_202.png","11/15/2021 6:17","99781340","RACCOON","arw","arw"
"99","GCBAR","GCBAR_CC_06Dec2021_11180053_frame_2","11180053_frame_201.png","11/18/2021 10:13","11180053_frame_202.png","11/18/2021 10:13","99781341","RACCOON","arw","arw"
"100","GCBAR","GCBAR_CC_06Dec2021_12050063_frame_2","12050063_frame_201.png","12/5/2021 11:44","12050063_frame_202.png","12/5/2021 11:44","99781343","RACCOON","arw","arw"
"101","","GCBAR_CC_13Sep2021/output_06030003_frame1","06030003_frame_101.png","6/3/2022 13:54","06030003_frame_102.png","6/3/2022 13:54","99747664","RACCOON","arw","arw"
"102","","GCBAR_CC_13Sep2021/output_06040024_frame1","06040024_frame_101.png","6/4/2022 13:31","06040024_frame_102.png","6/4/2022 13:31","99747668","RACCOON","arw","arw"
"103","","GCBAR_CC_13Sep2021/output_06040025_frame1","06040025_frame_101.png","6/4/2022 13:31","06040025_frame_102.png","6/4/2022 13:31","99747669","RACCOON","arw","arw"
"104","","GCBAR_CC_13Sep2021/output_06040026_frame1","06040026_frame_101.png","6/4/2022 13:32","06040026_frame_102.png","6/4/2022 13:32","99747678","RACCOON","arw","arw"
"105","","GCBAR_CC_13Sep2021/output_06040027_frame1","06040027_frame_101.png","6/4/2022 13:32","06040027_frame_102.png","6/4/2022 13:32","99747679","RACCOON","arw","arw"
"106","","GCBAR_CC_13Sep2021/output_06040028_frame1","06040028_frame_101.png","6/4/2022 13:33","06040028_frame_102.png","6/4/2022 13:33","99747680","RACCOON","arw","arw"
"107","","GCBAR_CC_13Sep2021/output_06050043_frame1","06050043_frame_101.png","6/5/2022 12:37","06050043_frame_102.png","6/5/2022 12:37","99747681","RACCOON","arw","arw"
"108","","GCBAR_CC_13Sep2021/output_06050044_frame1","06050044_frame_101.png","6/5/2022 12:38","06050044_frame_102.png","6/5/2022 12:38","99747682","RACCOON","arw","arw"
"109","","GCBAR_CC_13Sep2021/output_06050045_frame1","06050045_frame_101.png","6/5/2022 12:39","06050045_frame_102.png","6/5/2022 12:39","99747695","RACCOON","arw","arw"
"110","","GCBAR_CC_13Sep2021/output_06050046_frame1","06050046_frame_101.png","6/5/2022 12:39","06050046_frame_102.png","6/5/2022 12:39","99747698","RACCOON","arw","arw"
"111","","GCBAR_CC_13Sep2021/output_06050047_frame1","06050047_frame_101.png","6/5/2022 12:40","06050047_frame_102.png","6/5/2022 12:40","99747699","RACCOON","arw","arw"
"112","","GCBAR_CC_13Sep2021/output_06050048_frame1","06050048_frame_101.png","6/5/2022 12:40","06050048_frame_102.png","6/5/2022 12:40","99747700","RACCOON","arw","arw"
"113","","GCBAR_CC_13Sep2021/output_06050049_frame1","06050049_frame_101.png","6/5/2022 12:41","06050049_frame_102.png","6/5/2022 12:41","99747709","RACCOON","arw","arw"
"114","","GCBAR_CC_13Sep2021/output_06050050_frame1","06050050_frame_101.png","6/5/2022 14:10","06050050_frame_102.png","6/5/2022 14:10","99747712","RACCOON","arw","arw"
"115","","GCBAR_CC_13Sep2021/output_06050074_frame1","06050074_frame_101.png","6/6/2022 7:22","06050074_frame_102.png","6/6/2022 7:22","99747724","RACCOON","arw","arw"
"116","","GCBAR_CC_13Sep2021/output_06060076_frame1","06060076_frame_101.png","6/6/2022 11:42","06060076_frame_102.png","6/6/2022 11:42","99747726","RACCOON","arw","arw"
"117","","GCBAR_CC_13Sep2021/output_06060077_frame1","06060077_frame_101.png","6/6/2022 11:43","06060077_frame_102.png","6/6/2022 11:43","99747727","RACCOON","arw","arw"
"118","","GCBAR_CC_13Sep2021/output_06060095_frame1","06060095_frame_101.png","6/7/2022 8:41","06060095_frame_102.png","6/7/2022 8:41","99747749","RACCOON","arw","arw"
"119","","GCBAR_CC_13Sep2021/output_06070100_frame1","06070100_frame_101.png","6/7/2022 13:24","06070100_frame_102.png","6/7/2022 13:24","99747773","RACCOON","arw","arw"
"120","","GCBAR_CC_13Sep2021/output_06070101_frame1","06070101_frame_101.png","6/7/2022 13:25","06070101_frame_102.png","6/7/2022 13:25","99747775","RACCOON","arw","arw"
"121","","GCBAR_CC_13Sep2021/output_06070102_frame1","06070102_frame_101.png","6/7/2022 13:28","06070102_frame_102.png","6/7/2022 13:28","99747776","RACCOON","arw","arw"
"122","","GCBAR_CC_13Sep2021/output_06070132_frame1","06070132_frame_101.png","6/8/2022 7:08","06070132_frame_102.png","6/8/2022 7:08","99747813","RACCOON","arw","arw"
"123","","GCBAR_CC_13Sep2021/output_06080136_frame1","06080136_frame_101.png","6/8/2022 12:14","06080136_frame_102.png","6/8/2022 12:14","99747815","RACCOON","arw","arw"
"124","","GCBAR_CC_13Sep2021/output_06080137_frame1","06080137_frame_101.png","6/8/2022 14:30","06080137_frame_102.png","6/8/2022 14:30","99747824","RACCOON","arw","arw"
"125","","GCBAR_CC_13Sep2021/output_06030003_frame_2","06030003_frame_201.png","6/3/2022 13:55","06030003_frame_202.png","6/3/2022 13:55","99747835","RACCOON","arw","arw"
"126","","GCBAR_CC_13Sep2021/output_06040024_frame_2","06040024_frame_201.png","6/4/2022 13:31","06040024_frame_202.png","6/4/2022 13:31","99747836","RACCOON","arw","arw"
"127","","GCBAR_CC_13Sep2021/output_06040025_frame_2","06040025_frame_201.png","6/4/2022 13:31","06040025_frame_202.png","6/4/2022 13:31","99747841","RACCOON","arw","arw"
"128","","GCBAR_CC_13Sep2021/output_06040026_frame_2","06040026_frame_201.png","6/4/2022 13:32","06040026_frame_202.png","6/4/2022 13:32","99747842","RACCOON","arw","arw"
"129","","GCBAR_CC_13Sep2021/output_06040027_frame_2","06040027_frame_201.png","6/4/2022 13:33","06040027_frame_202.png","6/4/2022 13:33","99747853","RACCOON","arw","arw"
"130","","GCBAR_CC_13Sep2021/output_06050043_frame_2","06050043_frame_201.png","6/5/2022 12:38","06050043_frame_202.png","6/5/2022 12:38","99747858","RACCOON","arw","arw"
"131","","GCBAR_CC_13Sep2021/output_06050044_frame_2","06050044_frame_201.png","6/5/2022 12:38","06050044_frame_202.png","6/5/2022 12:38","99747859","RACCOON","arw","arw"
"132","","GCBAR_CC_13Sep2021/output_06050045_frame_2","06050045_frame_201.png","6/5/2022 12:39","06050045_frame_202.png","6/5/2022 12:39","99747860","RACCOON","arw","arw"
"133","","GCBAR_CC_13Sep2021/output_06050046_frame_2","06050046_frame_201.png","6/5/2022 12:39","06050046_frame_202.png","6/5/2022 12:39","99747870","RACCOON","arw","arw"
"134","","GCBAR_CC_13Sep2021/output_06050047_frame_2","06050047_frame_201.png","6/5/2022 12:40","06050047_frame_202.png","6/5/2022 12:40","99747874","RACCOON","arw","arw"
"135","","GCBAR_CC_13Sep2021/output_06050048_frame_2","06050048_frame_201.png","6/5/2022 12:41","06050048_frame_202.png","6/5/2022 12:41","99747880","RACCOON","arw","arw"
"136","","GCBAR_CC_13Sep2021/output_06050050_frame_2","06050050_frame_201.png","6/5/2022 14:10","06050050_frame_202.png","6/5/2022 14:10","99747881","RACCOON","arw","arw"
"137","","GCBAR_CC_13Sep2021/output_06050074_frame_2","06050074_frame_201.png","6/6/2022 7:22","06050074_frame_202.png","6/6/2022 7:22","99747883","RACCOON","arw","arw"
"138","","GCBAR_CC_13Sep2021/output_06060076_frame_2","06060076_frame_201.png","6/6/2022 11:43","06060076_frame_202.png","6/6/2022 11:43","99747897","RACCOON","arw","arw"
"139","","GCBAR_CC_13Sep2021/output_06060095_frame_2","06060095_frame_201.png","6/7/2022 8:41","06060095_frame_202.png","6/7/2022 8:41","99747900","RACCOON","arw","arw"
"140","","GCBAR_CC_13Sep2021/output_06070100_frame_2","06070100_frame_201.png","6/7/2022 13:24","06070100_frame_202.png","6/7/2022 13:24","99747905","RACCOON","arw","arw"
"141","","GCBAR_CC_13Sep2021/output_06070102_frame_2","06070102_frame_201.png","6/7/2022 13:29","06070102_frame_202.png","6/7/2022 13:29","99747908","RACCOON","arw","arw"
"142","GCBH","GCBH_CC_06Jun2021_05070029_frame1","05070029_frame_101.png","5/7/2021 11:39","05070029_frame_102.png","5/7/2021 11:39","99781781","RINGTAIL","arw","arw"
"143","GCBH","GCBH_CC_06Jun2021_05070041_frame1","05070041_frame_101.png","5/7/2021 22:00","05070041_frame_102.png","5/7/2021 22:00","99781789","RINGTAIL","arw","arw"
"144","GCBH","GCBH_CC_06Jun2021_05080044_frame1","05080044_frame_101.png","5/8/2021 2:18","05080044_frame_102.png","5/8/2021 2:18","99781790","SPOTTEDSKUNK","arw","arw"
"145","GCBH","GCBH_CC_06Jun2021_05080045_frame1","05080045_frame_101.png","5/8/2021 2:22","05080045_frame_102.png","5/8/2021 2:22","99781791","SPOTTEDSKUNK","arw","arw"
"146","GCBH","GCBH_CC_06Jun2021_05080054_frame1","05080054_frame_101.png","5/8/2021 23:03","05080054_frame_102.png","5/8/2021 23:03","5/8/2021 23:03","SPOTTEDSKUNK","arw","arw"
"147","GCBH","GCBH_CC_06Jun2021_05080055_frame1","05080055_frame_101.png","5/8/2021 23:20","05080055_frame_102.png","5/8/2021 23:20","99781797","RINGTAIL","arw","arw"
"148","GCBH","GCBH_CC_06Jun2021_05080056_frame1","05080056_frame_101.png","5/8/2021 23:30","05080056_frame_102.png","5/8/2021 23:30","99781798","SPOTTEDSKUNK","arw","arw"
"149","GCBH","GCBH_CC_06Jun2021_05100065_frame1","05100065_frame_101.png","5/10/2021 4:49","05100065_frame_102.png","5/10/2021 4:49","99781806","RINGTAIL","arw","arw"
"150","GCBH","GCBH_CC_06Jun2021_05160101_frame1","05160101_frame_101.png","5/16/2021 20:07","05160101_frame_102.png","5/16/2021 20:07","99781828","RINGTAIL","arw","arw"
"151","GCC","GCC_CC_25Jul2021_3trigger_v4_06090722","06090722.JPG","2021:06:09 02:21:07","06090723.JPG","2021:06:09 02:21:07","98934137","GRAYFOX","13","86.67"
"152","GCC","GCC_CC_25Jul2021_3trigger_v4_06130581","06130581.JPG","2021:06:13 00:16:16","06130582.JPG","2021:06:13 00:16:16","99007061","COYOTE","11","73.33"
"153","GCC","GCC_CC_25Jul2021_3trigger_v4_06130581","06130581.JPG","2021:06:13 00:16:16","06130582.JPG","2021:06:13 00:16:16","99007061","COYOTE","11","73.33"
"154","GCC","GCC_CC_25Jul2021_3trigger_v4_07220900","07220900.JPG","2021:07:22 02:30:48","07220901.JPG","2021:07:22 02:30:49","99013525","GRAYFOX","7","43.75"
"155","GCC","GCC_CC_25Jul2021_3trigger_v4_101EK113_06040450","101EK113_06040450.JPG","2021:06:04 22:16:14","101EK113_06040451.JPG","2021:06:04 22:16:14","99013565","COYOTE","9","60"
"156","GCETRO","GCETRF_CC_13Sep2021_06040006_frame1","06040006_frame_101.png","6/4/2021 12:31","06040006_frame_102.png","6/4/2021 12:31","99750639","RINGTAIL","8","80"
"157","GCETRO","GCETRF_CC_13Sep2021_06270061_frame1","06270061_frame_101.png","6/28/2021 5:55","06270061_frame_102.png","6/28/2021 5:55","99750717","RINGTAIL","6","60"
"158","GCETRO","GCETRF_CC_13Sep2021_08240085_frame1","08240085_frame_101.png","8/25/2021 7:27","08240085_frame_102.png","8/25/2021 7:27","99750791","RINGTAIL","5","50"
"159","GCETRO","GCETRF_CC_13Sep2021_08240086_frame1","08240086_frame_101.png","8/25/2021 7:39","08240086_frame_102.png","8/25/2021 7:39","99750794","RINGTAIL","9","90"
"160","GCETRO","GCETRF_CC_13Sep2021_08270088_frame1","08270088_frame_101.png","8/28/2021 5:13","08270088_frame_102.png","8/28/2021 5:13","99750797","RINGTAIL","9","90"
"161","GCETRO","GCETRF_CC_13Sep2021_08280090_frame1","08280090_frame_101.png","8/29/2021 6:54","08280090_frame_102.png","8/29/2021 6:54","99750812","RINGTAIL","6","60"
"162","GCETRO","GCETRF_CC_13Sep2021_08280091_frame1","08280091_frame_101.png","8/29/2021 6:55","08280091_frame_102.png","8/29/2021 6:55","99750815","RINGTAIL","10","100"
"163","GCETRO","GCETRF_CC_13Sep2021_08290092_frame1","08290092_frame_101.png","8/29/2021 14:54","08290092_frame_102.png","8/29/2021 14:54","99750827","RINGTAIL","6","60"
"164","GCETRO","GCETRF_CC_13Sep2021_08300096_frame1","08300096_frame_101.png","8/31/2021 7:05","08300096_frame_102.png","8/31/2021 7:05","99750830","RINGTAIL","8","80"
"165","GCETRO","GCETRF_CC_13Sep2021_09030103_frame1","09030103_frame_101.png","9/4/2021 3:27","09030103_frame_102.png","9/4/2021 3:27","99750831","RINGTAIL","10","100"
"166","GCETRO","GCETRF_CC_13Sep2021_09040104_frame1","09040104_frame_101.png","9/5/2021 9:22","09040104_frame_102.png","9/5/2021 9:22","99750833","RINGTAIL","7","70"
"167","GCETRO","GCETRF_CC_13Sep2021_09070105_frame1","09070105_frame_101.png","9/8/2021 8:22","09070105_frame_102.png","9/8/2021 8:22","99750839","RINGTAIL","7","70"
"168","GCETRO","GCETRF_CC_13Sep2021_06040006_frame_2","06040006_frame_201.png","6/4/2021 12:31","06040006_frame_202.png","6/4/2021 12:31","99750857","RINGTAIL","5","50"
"169","GCETRO","GCETRF_CC_13Sep2021_08020073_frame_2","08020073_frame_201.png","8/3/2021 8:21","08020073_frame_202.png","8/3/2021 8:21","99751009","RINGTAIL","5","50"
"170","GCETRO","GCETRF_CC_13Sep2021_08020074_frame_2","08020074_frame_201.png","8/3/2021 8:35","08020074_frame_202.png","8/3/2021 8:35","99751010","RINGTAIL","10","100"
"171","GCETRO","GCETRF_CC_13Sep2021_08240085_frame_2","08240085_frame_201.png","8/25/2021 7:28","08240085_frame_202.png","8/25/2021 7:28","99751032","RINGTAIL","4","40"
"172","GCETRO","GCETRF_CC_13Sep2021_08270088_frame_2","08270088_frame_201.png","8/28/2021 5:13","08270088_frame_202.png","8/28/2021 5:13","99751033","RINGTAIL","5","50"
"173","GCETRO","GCETRF_CC_13Sep2021_08270089_frame_2","08270089_frame_201.png","8/28/2021 5:15","08270089_frame_202.png","8/28/2021 5:15","99751034","RINGTAIL","5","50"
"174","GCETRO","GCETRF_CC_13Sep2021_08280090_frame_2","08280090_frame_201.png","8/29/2021 6:54","08280090_frame_202.png","8/29/2021 6:54","99751038","RINGTAIL","5","50"
"175","GCETRO","GCETRF_CC_13Sep2021_09030103_frame_2","09030103_frame_201.png","9/4/2021 3:27","09030103_frame_202.png","9/4/2021 3:27","99751047","RINGTAIL","6","60"
"176","GCETRO","GCETRF_CC_13Sep2021_08020074_frame_3","08020074_frame_301.png","8/3/2021 8:35","08020074_frame_302.png","8/3/2021 8:35","99754320","RINGTAIL","6","60"
"177","GCETRO","GCETRF_CC_13Sep2021_08280090_frame_3","08280090_frame_301.png","8/29/2021 6:54","08280090_frame_302.png","8/29/2021 6:54","99754329","RINGTAIL","6","60"
"178","GCETRO","GCETRF_CC_13Sep2021_09030103_frame_3","09030103_frame_301.png","9/4/2021 3:27","09030103_frame_302.png","9/4/2021 3:27","99754330","RINGTAIL","8","80"
"179","GCETRO","GCETRF_CC_13Sep2021_06130024_frame_4","06130024_frame_401.png","6/14/2021 8:10","06130024_frame_402.png","6/14/2021 8:10","99754335","RINGTAIL","7","70"
"180","GCETRO","GCETRF_CC_13Sep2021_08270089_frame_4","08270089_frame_401.png","8/28/2021 5:15","08270089_frame_402.png","8/28/2021 5:15","99754367","RINGTAIL","5","50"
"181","GCETRO","GCETRF_CC_13Sep2021_08280090_frame_4","08280090_frame_401.png","8/29/2021 6:55","08280090_frame_402.png","8/29/2021 6:55","99754368","RINGTAIL","6","60"
"182","GCETRO","GCETRF_CC_13Sep2021_09030103_frame_4","09030103_frame_401.png","9/4/2021 3:28","09030103_frame_402.png","9/4/2021 3:28","99754369","RINGTAIL","7","70"
"183","GCETRO","GCETRO_CC_06Dec2021_09150005_frame1","09150005_frame_101.png","9/15/2021 8:52","09150005_frame_102.png","9/15/2021 8:52","99801056","RINGTAIL","6","60"
"184","GCETRO","GCETRO_CC_06Dec2021_09160006_frame1","09160006_frame_101.png","9/16/2021 9:14","09160006_frame_102.png","9/16/2021 9:14","99801057","RINGTAIL","4","40"
"185","GCETRO","GCETRO_CC_06Dec2021_09200014_frame1","09200014_frame_101.png","9/21/2021 7:19","09200014_frame_102.png","9/21/2021 7:19","99801059","RINGTAIL","6","60"
"186","GCETRO","GCETRO_CC_06Dec2021_09210016_frame1","09210016_frame_101.png","9/21/2021 8:51","09210016_frame_102.png","9/21/2021 8:51","99801060","RINGTAIL","7","70"
"187","GCETRO","GCETRO_CC_06Dec2021_09240030_frame1","09240030_frame_101.png","9/24/2021 9:24","09240030_frame_102.png","9/24/2021 9:24","99801065","RINGTAIL","4","40"
"188","GCETRO","GCETRO_CC_06Dec2021_09290039_frame1","09290039_frame_101.png","9/29/2021 9:57","09290039_frame_102.png","9/29/2021 9:57","99801070","RINGTAIL","7","70"
"189","GCETRO","GCETRO_CC_06Dec2021_11070077_frame1","11070077_frame_101.png","11/8/2021 0:54","11070077_frame_102.png","11/8/2021 0:54","99801075","RINGTAIL","7","70"
"190","GCETRO","GCETRO_CC_06Dec2021_11220098_frame1","11220098_frame_101.png","11/22/2021 8:53","11220098_frame_102.png","11/22/2021 8:53","99801077","RINGTAIL","7","70"
"191","GCETRO","GCETRO_CC_06Dec2021_11300114_frame1","11300114_frame_101.png","11/30/2021 7:12","11300114_frame_102.png","11/30/2021 7:12","99801082","RINGTAIL","9","90"
"192","GCETRO","GCETRO_CC_06Dec2021_12040123_frame1","12040123_frame_101.png","12/4/2021 21:46","12040123_frame_102.png","12/4/2021 21:46","99801089","RINGTAIL","6","60"
"193","GCETRO","GCETRO_CC_06Dec2021_09210015_frame_2","09210015_frame_201.png","9/21/2021 8:10","09210015_frame_202.png","9/21/2021 8:10","99801096","RINGTAIL","6","60"
"194","GCETRO","GCETRO_CC_06Dec2021_10090051_frame_2","10090051_frame_201.png","10/10/2021 2:40","10090051_frame_202.png","10/10/2021 2:40","99801097","RINGTAIL","5","50"
"195","GCETRO","GCETRO_CC_06Dec2021_10280075_frame_2","10280075_frame_201.png","10/28/2021 10:02","10280075_frame_202.png","10/28/2021 10:02","99801098","RINGTAIL","5","50"
"196","GCETRO","GCETRO_CC_06Dec2021_11300115_frame_2","11300115_frame_201.png","11/30/2021 7:20","11300115_frame_202.png","11/30/2021 7:20","99801099","DOMESTICCAT","6","54.55"
"197","GCETRO","GCETRO_CC_14Sep2021_06030002_frame1","06030002_frame_101.png","6/4/2021 2:55","06030002_frame_102.png","6/4/2021 2:55","99800914","RINGTAIL","6","60"
"198","GCETRO","GCETRO_CC_14Sep2021_06030003_frame1","06030003_frame_101.png","6/4/2021 2:56","06030003_frame_102.png","6/4/2021 2:56","99800913","RINGTAIL","5","50"
"199","GCETRO","GCETRO_CC_14Sep2021_06040004_frame1","06040004_frame_101.png","6/4/2021 6:33","06040004_frame_102.png","6/4/2021 6:33","99800915","RINGTAIL","7","70"
"200","GCETRO","GCETRO_CC_14Sep2021_06050006_frame1","06050006_frame_101.png","6/5/2021 7:37","06050006_frame_102.png","6/5/2021 7:37","99800917","RINGTAIL","8","80"
"201","GCETRO","GCETRO_CC_14Sep2021_06050007_frame1","06050007_frame_101.png","6/5/2021 12:33","06050007_frame_102.png","6/5/2021 12:33","99800918","RINGTAIL","9","90"
"202","GCETRO","GCETRO_CC_14Sep2021_06050008_frame1","06050008_frame_101.png","6/5/2021 21:37","06050008_frame_102.png","6/5/2021 21:37","99800919","RINGTAIL","9","90"
"203","GCETRO","GCETRO_CC_14Sep2021_06070013_frame1","06070013_frame_101.png","6/7/2021 5:16","06070013_frame_102.png","6/7/2021 5:16","99800923","RINGTAIL","8","80"
"204","GCETRO","GCETRO_CC_14Sep2021_06140017_frame1","06140017_frame_101.png","6/14/2021 8:57","06140017_frame_102.png","6/14/2021 8:57","99800928","RINGTAIL","7","70"
"205","GCETRO","GCETRO_CC_14Sep2021_06140018_frame1","06140018_frame_101.png","6/15/2021 2:20","06140018_frame_102.png","6/15/2021 2:20","99800929","RINGTAIL","7","70"
"206","GCETRO","GCETRO_CC_14Sep2021_06230020_frame1","06230020_frame_101.png","6/23/2021 6:17","06230020_frame_102.png","6/23/2021 6:17","99800931","RINGTAIL","7","70"
"207","GCETRO","GCETRO_CC_14Sep2021_06280022_frame1","06280022_frame_101.png","6/28/2021 16:22","06280022_frame_102.png","6/28/2021 16:22","99800933","RINGTAIL","9","90"
"208","GCETRO","GCETRO_CC_14Sep2021_07010023_frame1","07010023_frame_101.png","7/1/2021 7:48","07010023_frame_102.png","7/1/2021 7:48","99800934","RINGTAIL","7","70"
"209","GCETRO","GCETRO_CC_14Sep2021_07060024_frame1","07060024_frame_101.png","7/6/2021 6:11","07060024_frame_102.png","7/6/2021 6:11","99800935","RINGTAIL","10","100"
"210","GCETRO","GCETRO_CC_14Sep2021_07070025_frame1","07070025_frame_101.png","7/7/2021 9:01","07070025_frame_102.png","7/7/2021 9:01","99800936","RINGTAIL","9","90"
"211","GCETRO","GCETRO_CC_14Sep2021_07070026_frame1","07070026_frame_101.png","7/7/2021 9:55","07070026_frame_102.png","7/7/2021 9:55","99800937","RINGTAIL","10","100"
"212","GCETRO","GCETRO_CC_14Sep2021_07090027_frame1","07090027_frame_101.png","7/9/2021 7:19","07090027_frame_102.png","7/9/2021 7:19","99800938","RINGTAIL","6","60"
"213","GCETRO","GCETRO_CC_14Sep2021_07150029_frame1","07150029_frame_101.png","7/16/2021 0:15","07150029_frame_102.png","7/16/2021 0:15","99800940","RINGTAIL","5","50"
"214","GCETRO","GCETRO_CC_14Sep2021_07160030_frame1","07160030_frame_101.png","7/16/2021 6:48","07160030_frame_102.png","7/16/2021 6:48","99800941","RINGTAIL","8","80"
"215","GCETRO","GCETRO_CC_14Sep2021_07160031_frame1","07160031_frame_101.png","7/16/2021 7:02","07160031_frame_102.png","7/16/2021 7:02","99800942","RINGTAIL","6","60"
"216","GCETRO","GCETRO_CC_14Sep2021_07200032_frame1","07200032_frame_101.png","7/20/2021 6:47","07200032_frame_102.png","7/20/2021 6:47","99800943","RINGTAIL","5","50"
"217","GCETRO","GCETRO_CC_14Sep2021_07230033_frame1","07230033_frame_101.png","7/24/2021 3:27","07230033_frame_102.png","7/24/2021 3:27","99800944","RINGTAIL","8","80"
"218","GCETRO","GCETRO_CC_14Sep2021_07230034_frame1","07230034_frame_101.png","7/24/2021 3:28","07230034_frame_102.png","7/24/2021 3:28","99800945","RINGTAIL","7","70"
"219","GCETRO","GCETRO_CC_14Sep2021_07240035_frame1","07240035_frame_101.png","7/24/2021 7:47","07240035_frame_102.png","7/24/2021 7:47","99800946","RINGTAIL","5","50"
"220","GCETRO","GCETRO_CC_14Sep2021_07240036_frame1","07240036_frame_101.png","7/25/2021 3:09","07240036_frame_102.png","7/25/2021 3:09","99800947","RINGTAIL","9","90"
"221","GCETRO","GCETRO_CC_14Sep2021_07260037_frame1","07260037_frame_101.png","7/26/2021 6:27","07260037_frame_102.png","7/26/2021 6:27","99800948","RINGTAIL","7","70"
"222","GCETRO","GCETRO_CC_14Sep2021_08050038_frame1","08050038_frame_101.png","8/6/2021 0:51","08050038_frame_102.png","8/6/2021 0:51","99800949","RINGTAIL","10","100"
"223","GCETRO","GCETRO_CC_14Sep2021_08090039_frame1","08090039_frame_101.png","8/9/2021 18:54","08090039_frame_102.png","8/9/2021 18:54","99800950","RINGTAIL","9","90"
"224","GCETRO","GCETRO_CC_14Sep2021_08110040_frame1","08110040_frame_101.png","8/11/2021 8:09","08110040_frame_102.png","8/11/2021 8:09","99800951","RINGTAIL","6","60"
"225","GCETRO","GCETRO_CC_14Sep2021_08130041_frame1","08130041_frame_101.png","8/14/2021 2:29","08130041_frame_102.png","8/14/2021 2:29","99800952","RINGTAIL","6","60"
"226","GCETRO","GCETRO_CC_14Sep2021_08150042_frame1","08150042_frame_101.png","8/15/2021 6:40","08150042_frame_102.png","8/15/2021 6:40","99800953","RINGTAIL","9","90"
"227","GCETRO","GCETRO_CC_14Sep2021_08170043_frame1","08170043_frame_101.png","8/17/2021 5:43","08170043_frame_102.png","8/17/2021 5:43","99800954","RINGTAIL","8","80"
"228","GCETRO","GCETRO_CC_14Sep2021_08190044_frame1","08190044_frame_101.png","8/19/2021 5:29","08190044_frame_102.png","8/19/2021 5:29","99800955","RINGTAIL","6","60"
"229","GCETRO","GCETRO_CC_14Sep2021_08190045_frame1","08190045_frame_101.png","8/20/2021 2:56","08190045_frame_102.png","8/20/2021 2:56","99800956","RINGTAIL","8","80"
"230","GCETRO","GCETRO_CC_14Sep2021_08200046_frame1","08200046_frame_101.png","8/20/2021 6:28","08200046_frame_102.png","8/20/2021 6:28","99800957","RINGTAIL","10","100"
"231","GCETRO","GCETRO_CC_14Sep2021_08220047_frame1","08220047_frame_101.png","8/22/2021 23:21","08220047_frame_102.png","8/22/2021 23:21","99800958","RINGTAIL","5","50"
"232","GCETRO","GCETRO_CC_14Sep2021_08230048_frame1","08230048_frame_101.png","8/24/2021 1:06","08230048_frame_102.png","8/24/2021 1:06","99800959","RINGTAIL","9","90"
"233","GCETRO","GCETRO_CC_14Sep2021_08270050_frame1","08270050_frame_101.png","8/27/2021 7:59","08270050_frame_102.png","8/27/2021 7:59","99800961","RINGTAIL","7","70"
"234","GCETRO","GCETRO_CC_14Sep2021_09040051_frame1","09040051_frame_101.png","9/5/2021 3:16","09040051_frame_102.png","9/5/2021 3:16","99800962","RINGTAIL","10","100"
"235","GCETRO","GCETRO_CC_14Sep2021_09110053_frame1","09110053_frame_101.png","9/11/2021 5:22","09110053_frame_102.png","9/11/2021 5:22","99800964","RINGTAIL","10","100"
"236","GCETRO","GCETRO_CC_14Sep2021_09110054_frame1","09110054_frame_101.png","9/11/2021 6:15","09110054_frame_102.png","9/11/2021 6:15","99800965","RINGTAIL","10","100"
"237","GCETRO","GCETRO_CC_14Sep2021_09110055_frame1","09110055_frame_101.png","9/11/2021 9:12","09110055_frame_102.png","9/11/2021 9:12","99800966","RINGTAIL","6","60"
"238","GCETRO","GCETRO_CC_14Sep2021_09120056_frame1","09120056_frame_101.png","9/12/2021 5:04","09120056_frame_102.png","9/12/2021 5:04","99800967","RINGTAIL","10","100"
"239","GCETRO","GCETRO_CC_14Sep2021_09120057_frame1","09120057_frame_101.png","9/13/2021 2:15","09120057_frame_102.png","9/13/2021 2:15","99800968","RINGTAIL","4","40"
"240","GCETRO","GCETRO_CC_14Sep2021_09130059_frame1","09130059_frame_101.png","9/13/2021 6:26","09130059_frame_102.png","9/13/2021 6:26","99800970","RINGTAIL","7","70"
"241","GCETRO","GCETRO_CC_14Sep2021_06030002_frame_2","06030002_frame_201.png","6/4/2021 2:55","06030002_frame_202.png","6/4/2021 2:55","99800973","RINGTAIL","9","90"
"242","GCETRO","GCETRO_CC_14Sep2021_06050005_frame_2","06050005_frame_201.png","6/5/2021 6:34","06050005_frame_202.png","6/5/2021 6:34","99800976","RINGTAIL","6","60"
"243","GCETRO","GCETRO_CC_14Sep2021_06050008_frame_2","06050008_frame_201.png","6/5/2021 21:37","06050008_frame_202.png","6/5/2021 21:37","99800979","RINGTAIL","5","50"
"244","GCETRO","GCETRO_CC_14Sep2021_06050010_frame_2","06050010_frame_201.png","6/5/2021 21:43","06050010_frame_202.png","6/5/2021 21:43","99800981","RINGTAIL","8","80"
"245","GCETRO","GCETRO_CC_14Sep2021_06050012_frame_2","06050012_frame_201.png","6/6/2021 0:02","06050012_frame_202.png","6/6/2021 0:02","99800983","RINGTAIL","9","81.82"
"246","GCETRO","GCETRO_CC_14Sep2021_06130016_frame_2","06130016_frame_201.png","6/14/2021 2:22","06130016_frame_202.png","6/14/2021 2:22","99800989","RINGTAIL","7","70"
"247","GCETRO","GCETRO_CC_14Sep2021_07200032_frame_2","07200032_frame_201.png","7/20/2021 6:47","07200032_frame_202.png","7/20/2021 6:47","99801012","RINGTAIL","6","60"
"248","GCETRO","GCETRO_CC_14Sep2021_07230033_frame_2","07230033_frame_201.png","7/24/2021 3:28","07230033_frame_202.png","7/24/2021 3:28","99801015","RINGTAIL","8","80"
"249","GCETRO","GCETRO_CC_14Sep2021_07230034_frame_2","07230034_frame_201.png","7/24/2021 3:28","07230034_frame_202.png","7/24/2021 3:28","99801017","RINGTAIL","7","70"
"250","GCETRO","GCETRO_CC_14Sep2021_08200046_frame_2","08200046_frame_201.png","8/20/2021 6:28","08200046_frame_202.png","8/20/2021 6:28","99801033","RINGTAIL","8","80"
"251","GCETRO","GCETRO_CC_14Sep2021_08250049_frame_2","08250049_frame_201.png","8/26/2021 2:25","08250049_frame_202.png","8/26/2021 2:25","99801037","RINGTAIL","8","80"
"252","GCETRO","GCETRO_CC_14Sep2021_09110053_frame_2","09110053_frame_201.png","9/11/2021 5:22","09110053_frame_202.png","9/11/2021 5:22","99801046","RINGTAIL","9","90"
"253","GCETRO","GCETRO_CC_14Sep2021_09120058_frame_2","09120058_frame_201.png","9/13/2021 2:36","09120058_frame_202.png","9/13/2021 2:36","99801054","RINGTAIL","9","90"
"254","GCETRO","GCETRO_CC_14Sep2021_09130059_frame_2","09130059_frame_201.png","9/13/2021 6:26","09130059_frame_202.png","9/13/2021 6:26","99801055","RINGTAIL","7","70"
"255","GCETCR","GCETCR_CC_06Dec2021_10090011_frame1","10090011_frame_101.png","10/9/2021 10:05","10090011_frame_102.png","10/9/2021 10:05","99800841","RINGTAIL","7","70"
"256","GCETCR","GCETCR_CC_06Dec2021_11150016_frame1","11150016_frame_101.png","11/16/2021 1:52","11150016_frame_102.png","11/16/2021 1:52","99800844","RINGTAIL","7","70"
"257","GCETCR","GCETCR_CC_06Dec2021_09160004_frame_2","09160004_frame_201.png","9/16/2021 9:16","09160004_frame_202.png","9/16/2021 9:16","99800847","RINGTAIL","8","80"
"258","GCETCR","GCETCR_CC_06Dec2021_09180005_frame_2","09180005_frame_201.png","9/18/2021 14:35","09180005_frame_202.png","9/18/2021 14:35","99800848","RINGTAIL","7","70"
"259","GCETCR","GCETCR_CC_14Sep2021_06030004_frame1","06030004_frame_101.png","6/3/2021 8:48","06030004_frame_102.png","6/3/2021 8:48","99800747","RINGTAIL","6","60"
"260","GCETCR","GCETCR_CC_14Sep2021_06030006_frame1","06030006_frame_101.png","6/4/2021 3:24","06030006_frame_102.png","6/4/2021 3:24","99800748","RINGTAIL","9","90"
"261","GCETCR","GCETCR_CC_14Sep2021_06270017_frame1","06270017_frame_101.png","6/28/2021 1:37","06270017_frame_102.png","6/28/2021 1:37","99800757","RINGTAIL","9","90"
"262","GCETCR","GCETCR_CC_14Sep2021_06270019_frame1","06270019_frame_101.png","6/28/2021 1:38","06270019_frame_102.png","6/28/2021 1:38","99800759","RINGTAIL","6","60"
"263","GCETCR","GCETCR_CC_14Sep2021_06270020_frame1","06270020_frame_101.png","6/28/2021 1:40","06270020_frame_102.png","6/28/2021 1:40","99800760","RINGTAIL","8","80"
"264","GCETCR","GCETCR_CC_14Sep2021_06290023_frame1","06290023_frame_101.png","6/30/2021 0:57","06290023_frame_102.png","6/30/2021 0:57","99800763","RINGTAIL","8","80"
"265","GCETCR","GCETCR_CC_14Sep2021_07020034_frame1","07020034_frame_101.png","7/2/2021 7:43","07020034_frame_102.png","7/2/2021 7:43","99800773","RINGTAIL","6","60"
"266","GCETCR","GCETCR_CC_14Sep2021_07050039_frame1","07050039_frame_101.png","7/6/2021 3:36","07050039_frame_102.png","7/6/2021 3:36","99800778","RINGTAIL","7","70"
"267","GCETCR","GCETCR_CC_14Sep2021_08010080_frame1","08010080_frame_101.png","8/1/2021 9:34","08010080_frame_102.png","8/1/2021 9:34","99800812","RINGTAIL","8","80"
"268","GCETCR","GCETCR_CC_14Sep2021_09070102_frame1","09070102_frame_101.png","9/8/2021 2:24","09070102_frame_102.png","9/8/2021 2:24","99800829","RINGTAIL","7","70"
"269","GCETCR","GCETCR_CC_14Sep2021_06270018_frame_2","06270018_frame_201.png","6/28/2021 1:38","06270018_frame_202.png","6/28/2021 1:38","99800835","RINGTAIL","6","60"
"270","GCETCR","GCETCR_CC_14Sep2021_07050039_frame_2","07050039_frame_201.png","7/6/2021 3:36","07050039_frame_202.png","7/6/2021 3:36","99800836","RINGTAIL","7","70"
"271","GCHR","GCHR_CC_03Dec2021_100EK113_09160061","100EK113_09160061.JPG","2021:09:16 22:41:04","100EK113_09160062.JPG","2021:09:16 22:41:04","77047901","RINGTAIL","8","80"
"272","GCHR","GCHR_CC_03Dec2021_100EK113_09210079","100EK113_09210079.JPG","2021:09:21 04:46:10","100EK113_09210080.JPG","2021:09:21 04:46:10","77047909","SPOTTEDSKUNK","5","55.56"
"273","GCHR","GCHR_CC_03Dec2021_100EK113_09300155","100EK113_09300155.JPG","2021:09:30 20:35:00","100EK113_09300156.JPG","2021:09:30 20:35:00","77047947","SPOTTEDSKUNK","9","90"
"274","GCHR","GCHR_CC_03Dec2021_100EK113_10150577","100EK113_10150577.JPG","2021:10:15 03:25:40","100EK113_10150578.JPG","2021:10:15 03:25:40","77048158","STRIPEDSKUNK","9","81.82"
"275","GCHR","GCHR_CC_03Dec2021_100EK113_10250753","100EK113_10250753.JPG","2021:10:25 19:33:42","100EK113_10250754.JPG","2021:10:25 19:33:43","77048246","RINGTAIL","5","55.56"
"276","GCHR","GCHR_CC_03Dec2021_100EK113_11070901","100EK113_11070901.JPG","2021:11:07 23:19:43","100EK113_11070902.JPG","2021:11:07 23:19:44","77048320","RINGTAIL","8","80"
"277","GCHR","GCHR_CC_03Dec2021_100EK113_11080909","100EK113_11080909.JPG","2021:11:08 22:34:08","100EK113_11080910.JPG","2021:11:08 22:34:09","77048324","RINGTAIL","9","100"
"278","GCHR","GCHR_CC_03Dec2021_100EK113_11190979","100EK113_11190979.JPG","2021:11:19 17:59:29","100EK113_11190980.JPG","2021:11:19 17:59:29","77048359","GRAYFOX","9","81.82"
"279","GCHR","GCHR_CC_03Dec2021_101EK113_11260031","101EK113_11260031.JPG","2021:11:26 05:58:16","101EK113_11260032.JPG","2021:11:26 05:58:16","77048385","GRAYFOX","8","80"
"280","GCHR","GCHR_CC_03Dec2021_101EK113_12020077","101EK113_12020077.JPG","2021:12:02 03:07:18","101EK113_12020078.JPG","2021:12:02 03:07:18","77048408","RACCOON","4","40"
"281","GCHR","GCHR_CC_08Dec2021_12030005","12030005.JPG","2021:12:03 22:11:42","12030006.JPG","2021:12:03 22:11:42","72109657","RINGTAIL","arw","arw"
"282","GCHR","GCHR_CC_08Dec2021_12030007","12030007.JPG","2021:12:03 22:11:57","12030008.JPG","2021:12:03 22:11:57","72109658","RINGTAIL","arw","arw"
"283","GCHR","GCHR_CC_08Dec2021_12040009","12040009.JPG","2021:12:04 01:39:25","12040010.JPG","2021:12:04 01:39:25","72109659","RINGTAIL","arw","arw"
"284","GCHR","GCHR_CC_08Dec2021_12040011","12040011.JPG","2021:12:04 01:39:42","12040012.JPG","2021:12:04 01:39:42","72109660","RINGTAIL","arw","arw"
"285","GCHR","GCHR_CC_08Dec2021_12040013","12040013.JPG","2021:12:04 01:39:59","12040014.JPG","2021:12:04 01:39:59","72109661","RINGTAIL","arw","arw"
"286","GCHR","GCHR_CC_08Dec2021_12040017","12040017.JPG","2021:12:04 05:08:10","12040018.JPG","2021:12:04 05:08:10","72109663","GRAYFOX","arw","arw"
"287","GCHR","GCHR_CC_08Dec2021_12040019","12040019.JPG","2021:12:04 05:08:32","12040020.JPG","2021:12:04 05:08:32","72109664","GRAYFOX","arw","arw"
"288","GCHR","GCHR_CC_08Dec2021_12040025","12040025.JPG","2021:12:04 05:09:30","12040026.JPG","2021:12:04 05:09:31","72109667","GRAYFOX","arw","arw"
"289","GCHR","GCHR_CC_08Dec2021_12040029","12040029.JPG","2021:12:04 05:10:16","12040030.JPG","2021:12:04 05:10:16","72109669","GRAYFOX","arw","arw"
"290","GCHR","GCHR_CC_08Dec2021_12040039","12040039.JPG","2021:12:04 05:12:19","12040040.JPG","2021:12:04 05:12:19","72109674","GRAYFOX","arw","arw"
"291","GCHR","GCHR_CC_08Dec2021_12040041","12040041.JPG","2021:12:04 05:12:34","12040042.JPG","2021:12:04 05:12:34","72109675","GRAYFOX","arw","arw"
"292","GCHR","GCHR_CC_08Dec2021_12040043","12040043.JPG","2021:12:04 05:12:49","12040044.JPG","2021:12:04 05:12:49","72109676","GRAYFOX","arw","arw"
"293","GCHR","GCHR_CC_08Dec2021_12040045","12040045.JPG","2021:12:04 05:26:24","12040046.JPG","2021:12:04 05:26:24","72109677","STRIPEDSKUNK","arw","arw"
"294","GCHR","GCHR_CC_08Dec2021_12040047","12040047.JPG","2021:12:04 05:26:39","12040048.JPG","2021:12:04 05:26:39","72109678","STRIPEDSKUNK","arw","arw"
"295","GCHR","GCHR_CC_08Dec2021_12040049","12040049.JPG","2021:12:04 05:26:54","12040050.JPG","2021:12:04 05:26:54","72109679","STRIPEDSKUNK","arw","arw"
"296","GCHR","GCHR_CC_08Dec2021_12040053","12040053.JPG","2021:12:04 23:41:12","12040054.JPG","2021:12:04 23:41:12","72109681","RINGTAIL","arw","arw"
"297","GCHR","GCHR_CC_08Dec2021_12040055","12040055.JPG","2021:12:04 23:41:59","12040056.JPG","2021:12:04 23:41:59","72109682","RINGTAIL","arw","arw"
"298","GCHR","GCHR_CC_08Dec2021_12040057","12040057.JPG","2021:12:04 23:42:19","12040058.JPG","2021:12:04 23:42:19","72109683","RINGTAIL","arw","arw"
"299","GCHR","GCHR_CC_08Dec2021_12040059","12040059.JPG","2021:12:04 23:42:55","12040060.JPG","2021:12:04 23:42:55","72109684","RINGTAIL","arw","arw"
"300","GCHR","GCHR_CC_08Dec2021_12060063","12060063.JPG","2021:12:06 06:24:18","12060064.JPG","2021:12:06 06:24:19","72109686","GRAYFOX","arw","arw"
"301","GCHR","GCHR_CC_10Sep2021_09020047","09020047.JPG","2021:09:02 23:25:25","09020048.JPG","2021:09:02 23:25:25",NA,"RINGTAIL","arw","arw"
"302","GCHR","GCHR_CC_10Sep2021_09070049","09070049.JPG","2021:09:07 22:07:10","09070050.JPG","2021:09:07 22:07:10",NA,"STRIPEDSKUNK","arw","arw"
"303","GCHR","GCHR_CC_25Jul2021_3trigger_103EK113_06070838","103EK113_06070838.JPG","2021:06:07 02:31:38","103EK113_06070839.JPG","2021:06:07 02:31:38","98214144","GRAYFOX","10","100"
"304","GCHR","GCHR_CC_25Jul2021_3trigger_115EK113_07050991","115EK113_07050991.JPG","2021:07:05 06:38:06","115EK113_07050992.JPG","2021:07:05 06:38:07","98214427","GRAYFOX","9","90"
"305","GCHR","GCHR_CC_25Jul2021_3trigger_119EK113_07210165","119EK113_07210165.JPG","2021:07:21 22:00:42","119EK113_07210166.JPG","2021:07:21 22:00:43","98214625","GRAYFOX","10","90.91"
"306","GCPP","GCPP_CC_03Dec2021_nodg_106EK113_10020861","106EK113_10020861.JPG","2021:10:02 05:44:08","106EK113_10020862.JPG","2021:10:02 05:44:08","98047583","GRAYFOX","8","80"
"307","GCPP","GCPP_CC_03Dec2021_nodg_106EK113_10020863","106EK113_10020863.JPG","2021:10:02 05:44:23","106EK113_10020864.JPG","2021:10:02 05:44:23","98047584","GRAYFOX","9","90"
"308","","GCPP_CC_10Sep2021_08060869","08060869.JPG","2021:08:06 21:23:14","08060870.JPG","2021:08:06 21:23:14","77382086","GRAYFOX","9","81.82"
"309","","GCPP_CC_10Sep2021_08080897","08080897.JPG","2021:08:08 03:49:55","08080898.JPG","2021:08:08 03:49:55","77382173","GRAYFOX","10","100"
"310","","GCPP_CC_10Sep2021_08080899","08080899.JPG","2021:08:08 03:50:14","08080900.JPG","2021:08:08 03:50:14","77382174","GRAYFOX","9","100"
"311","","GCPP_CC_10Sep2021_08090049","08090049.JPG","2021:08:09 03:52:31","08090050.JPG","2021:08:09 03:52:31","77382238","GRAYFOX","8","80"
"312","","GCPP_CC_10Sep2021_08090055","08090055.JPG","2021:08:09 08:23:37","08090056.JPG","2021:08:09 08:23:38","77382242","GRAYFOX","8","80"
"313","","GCPP_CC_10Sep2021_08170399","08170399.JPG","2021:08:17 01:24:28","08170400.JPG","2021:08:17 01:24:28","77382545","GRAYFOX","5","50"
"314","","GCPP_CC_10Sep2021_08210343","08210343.JPG","2021:08:21 00:55:28","08210344.JPG","2021:08:21 00:55:28","77383379","GRAYFOX","8","88.89"
"315","","GCPP_CC_25Jul2021_3trigger_v2_06040079","06040079.JPG","2021:06:04 04:53:11","06040080.JPG","2021:06:04 04:53:11","98715537","COYOTE","5","50"
"316","","GCPP_CC_25Jul2021_3trigger_v2_06240558","06240558.JPG","2021:06:24 05:00:13","06240559.JPG","2021:06:24 05:00:13","98716330","GRAYFOX","9","81.82"
"317","GCRT","GCRT_CC_03Dec2021_09270593","09270593.JPG","2021:09:27 02:35:32","09270594.JPG","2021:09:27 02:35:32","77356329","COYOTE","7","77.78"
"318","GCRT","GCRT_CC_03Dec2021_09270595","09270595.JPG","2021:09:27 02:35:46","09270596.JPG","2021:09:27 02:35:46","77356169","GRAYFOX","7","77.78"
"319","GCRT","GCRT_CC_03Dec2021_09270597","09270597.JPG","2021:09:27 02:36:04","09270598.JPG","2021:09:27 02:36:04","77356170","COYOTE","6","66.67"
"320","GCRT","GCRT_CC_03Dec2021_09270599","09270599.JPG","2021:09:27 02:36:19","09270600.JPG","2021:09:27 02:36:19","77356171","COYOTE","6","60"
"321","GCRT","GCRT_CC_03Dec2021_09270601","09270601.JPG","2021:09:27 02:36:40","09270602.JPG","2021:09:27 02:36:40","77356224","COYOTE","8","88.89"
"322","GCRT","GCRT_CC_03Dec2021_10130913","10130913.JPG","2021:10:13 23:29:59","10130914.JPG","2021:10:13 23:29:59","77356674","COYOTE","6","66.67"
"323","GCRT","GCRT_CC_03Dec2021_10180933","10180933.JPG","2021:10:18 05:50:58","10180934.JPG","2021:10:18 05:50:59","77356684","GRAYFOX","6","54.55"
"324","GCRT","GCRT_CC_03Dec2021_10180933","10180933.JPG","2021:10:18 05:50:58","10180934.JPG","2021:10:18 05:50:59","77356684","GRAYFOX","6","54.55"
"325","GCRT","GCRT_CC_03Dec2021_10190939","10190939.JPG","2021:10:19 04:31:26","10190940.JPG","2021:10:19 04:31:26","77356688","GRAYFOX","9","90"
"326","GCRT","GCRT_CC_03Dec2021_101EK113_11120033","101EK113_11120033.JPG","2021:11:12 02:55:50","101EK113_11120034.JPG","2021:11:12 02:55:50","77356708","GRAYFOX","8","88.89"
"327","GCRT","GCRT_CC_03Dec2021_10270977","10270977.JPG","2021:10:27 05:41:25","10270978.JPG","2021:10:27 05:41:25","77356750","GRAYFOX","8","80"
"328","GCRT","GCRT_CC_03Dec2021_10270979","10270979.JPG","2021:10:27 05:41:39","10270980.JPG","2021:10:27 05:41:39","77356751","GRAYFOX","8","88.89"
"329","","GCRT_CC_10Sep2021_07310093","07310093.JPG","2021:07:31 03:01:22","07310094.JPG","2021:07:31 03:01:22","77357685","DOMESTICCAT","4","44.44"
"330","","GCRT_CC_10Sep2021_07310093","07310093.JPG","2021:07:31 03:01:22","07310094.JPG","2021:07:31 03:01:22","77357685","DOMESTICCAT","4","44.44"
"331","","GCRT_CC_10Sep2021_07310095","07310095.JPG","2021:07:31 04:55:25","07310096.JPG","2021:07:31 04:55:25","77357686","GRAYFOX","6","66.67"
"332","","GCRT_CC_10Sep2021_08110589","08110589.JPG","2021:08:11 07:57:07","08110590.JPG","2021:08:11 07:57:07","77357943","GRAYFOX","7","77.78"
"333","","GCRT_CC_10Sep2021_101EK113_09080253","101EK113_09080253.JPG","2021:09:08 19:48:11","101EK113_09080254.JPG","2021:09:08 19:48:11","77358510","GRAYFOX","7","77.78"
"334","","GCRT_CC_25Jul2021_06080033","06080033.JPG","2021:06:08 22:58:14","06080034.JPG","2021:06:08 22:58:14","77401763","GRAYFOX","7","77.78"
"335","","GCRT_CC_25Jul2021_06080587","06080587.JPG","2021:06:08 07:34:03","06080588.JPG","2021:06:08 07:34:04","77401765","GRAYFOX","8","88.89"
"336","GCTL","GCTL_CC_06Dec2021_09170008_frame1","09170008_frame_101.png","9/17/2021 23:00","09170008_frame_102.png","9/17/2021 23:00","99802342","RINGTAIL","8","80"
"337","GCTL","GCTL_CC_06Dec2021_09170009_frame1","09170009_frame_101.png","9/17/2021 23:01","09170009_frame_102.png","9/17/2021 23:01","99802343","RINGTAIL","8","80"
"338","GCTL","GCTL_CC_06Dec2021_09170010_frame1","09170010_frame_101.png","9/17/2021 23:02","09170010_frame_102.png","9/17/2021 23:02","99802344","RINGTAIL","7","70"
"339","GCTL","GCTL_CC_06Dec2021_09170011_frame1","09170011_frame_101.png","9/17/2021 23:35","09170011_frame_102.png","9/17/2021 23:35","99802345","RINGTAIL","4","40"
"340","GCTL","GCTL_CC_06Dec2021_09170012_frame1","09170012_frame_101.png","9/17/2021 23:36","09170012_frame_102.png","9/17/2021 23:36","99802346","RINGTAIL","8","80"
"341","GCTL","GCTL_CC_06Dec2021_09200013_frame1","09200013_frame_101.png","9/20/2021 10:51","09200013_frame_102.png","9/20/2021 10:51","99802347","RINGTAIL","9","90"
"342","GCTL","GCTL_CC_06Dec2021_09210015_frame1","09210015_frame_101.png","9/21/2021 6:32","09210015_frame_102.png","9/21/2021 6:32","99802349","RINGTAIL","9","90"
"343","GCTL","GCTL_CC_06Dec2021_09210017_frame1","09210017_frame_101.png","9/22/2021 1:21","09210017_frame_102.png","9/22/2021 1:21","99802350","RINGTAIL","10","100"
"344","GCTL","GCTL_CC_06Dec2021_09210018_frame1","09210018_frame_101.png","9/22/2021 1:22","09210018_frame_102.png","9/22/2021 1:22","99802351","RINGTAIL","9","90"
"345","GCTL","GCTL_CC_06Dec2021_09230022_frame1","09230022_frame_101.png","9/23/2021 7:47","09230022_frame_102.png","9/23/2021 7:47","99802353","RINGTAIL","8","80"
"346","GCTL","GCTL_CC_06Dec2021_09230023_frame1","09230023_frame_101.png","9/23/2021 7:48","09230023_frame_102.png","9/23/2021 7:48","99802354","RINGTAIL","10","100"
"347","GCTL","GCTL_CC_06Dec2021_09240024_frame1","09240024_frame_101.png","9/24/2021 12:53","09240024_frame_102.png","9/24/2021 12:53","99802355","RINGTAIL","5","50"
"348","GCTL","GCTL_CC_06Dec2021_09240025_frame1","09240025_frame_101.png","9/24/2021 12:54","09240025_frame_102.png","9/24/2021 12:54","99802356","RINGTAIL","8","80"
"349","GCTL","GCTL_CC_06Dec2021_11080272_frame1","11080272_frame_101.png","11/8/2021 8:38","11080272_frame_102.png","11/8/2021 8:38","99802607","RINGTAIL","9","90"
"350","GCTL","GCTL_CC_06Dec2021_11080272_frame1","11080272_frame_101.png","11/8/2021 8:38","11080272_frame_102.png","11/8/2021 8:38","100027058","RINGTAIL","8","80"
"351","GCTL","GCTL_CC_06Dec2021_09150002_frame_2","09150002_frame_201.png","9/15/2021 8:38","09150002_frame_202.png","9/15/2021 8:38","99802618","RINGTAIL","6","60"
"352","GCTL","GCTL_CC_06Dec2021_09170008_frame_2","09170008_frame_201.png","9/17/2021 23:01","09170008_frame_202.png","9/17/2021 23:01","99802621","RINGTAIL","5","50"
"353","GCTL","GCTL_CC_06Dec2021_09170011_frame_2","09170011_frame_201.png","9/17/2021 23:35","09170011_frame_202.png","9/17/2021 23:35","99802622","RINGTAIL","9","90"
"354","GCTL","GCTL_CC_06Dec2021_09170011_frame_2","09170011_frame_201.png","9/17/2021 23:35","09170011_frame_202.png","9/17/2021 23:35","100027073","RINGTAIL","10","100"
"355","GCTL","GCTL_CC_06Dec2021_09210014_frame_2","09210014_frame_201.png","9/21/2021 6:32","09210014_frame_202.png","9/21/2021 6:32","99802623","RINGTAIL","7","70"
"356","GCTL","GCTL_CC_06Dec2021_09210014_frame_2","09210014_frame_201.png","9/21/2021 6:32","09210014_frame_202.png","9/21/2021 6:32","100027074","RINGTAIL","8","80"
"357","GCTL","GCTL_CC_06Dec2021_09210016_frame_2","09210016_frame_201.png","9/21/2021 6:34","09210016_frame_202.png","9/21/2021 6:34","99802624","RINGTAIL","6","60"
"358","GCTL","GCTL_CC_06Dec2021_09210016_frame_2","09210016_frame_201.png","9/21/2021 6:34","09210016_frame_202.png","9/21/2021 6:34","100027075","RINGTAIL","6","60"
"359","GCTL","GCTL_CC_06Dec2021_09210017_frame_2","09210017_frame_201.png","9/22/2021 1:21","09210017_frame_202.png","9/22/2021 1:21","99802625","RINGTAIL","4","40"
"360","GCTL","GCTL_CC_06Dec2021_09210018_frame_2","09210018_frame_201.png","9/22/2021 1:22","09210018_frame_202.png","9/22/2021 1:22","99802626","RINGTAIL","9","90"
"361","GCTL","GCTL_CC_06Dec2021_09210018_frame_2","09210018_frame_201.png","9/22/2021 1:22","09210018_frame_202.png","9/22/2021 1:22","100027077","RINGTAIL","6","60"
"362","GCTL","GCTL_CC_06Dec2021_09230021_frame_2","09230021_frame_201.png","9/23/2021 7:47","09230021_frame_202.png","9/23/2021 7:47","99802627","RINGTAIL","5","50"
"363","GCTL","GCTL_CC_06Dec2021_09230021_frame_2","09230021_frame_201.png","9/23/2021 7:47","09230021_frame_202.png","9/23/2021 7:47","100027078","RINGTAIL","5","50"
"364","GCTL","GCTL_CC_06Dec2021_09240024_frame_2","09240024_frame_201.png","9/24/2021 12:53","09240024_frame_202.png","9/24/2021 12:53","99802628","RINGTAIL","5","50"
"365","GCTL","GCTL_CC_06Dec2021_09240024_frame_2","09240024_frame_201.png","9/24/2021 12:53","09240024_frame_202.png","9/24/2021 12:53","100027079","RINGTAIL","5","50"
"366","GCTL","GCTL_CC_06Dec2021_09260029_frame_2","09260029_frame_201.png","9/26/2021 7:37","09260029_frame_202.png","9/26/2021 7:37","99802629","RINGTAIL","9","90"
"367","GCTL","GCTL_CC_06Dec2021_09260029_frame_2","09260029_frame_201.png","9/26/2021 7:37","09260029_frame_202.png","9/26/2021 7:37","100027080","RINGTAIL","8","80"
"368","","NRM_CC_02Dec2021_DCIM0119","DCIM0119.JPG","2021:10:04 15:36:09","DCIM0120.JPG","2021:10:04 15:36:10","76935925","RINGTAIL","5","55.56"
"369","","NRM_CC_02Dec2021_DCIM0201","DCIM0201.JPG","2021:10:11 02:20:24","DCIM0202.JPG","2021:10:11 02:20:25","76935613","COYOTE","6","60"
"370","","NRM_CC_02Dec2021_DCIM0203","DCIM0203.JPG","2021:10:11 21:45:06","DCIM0204.JPG","2021:10:11 21:45:06","76935614","GRAYFOX","4","40"
"371","","NRM_CC_02Dec2021_DCIM0205","DCIM0205.JPG","2021:10:14 20:35:23","DCIM0206.JPG","2021:10:14 20:35:24","76935615","GRAYFOX","5","55.56"
